{"cameraMode":{"drawMode":0,"name":"Shaded","section":"Shading Mode"},"sceneLighting":false,"audioPlay":false,"sceneViewState":{"showFog":true,"showMaterialUpdate":false,"showSkybox":true,"showFlares":true,"showImageEffects":true,"showParticleSystems":true,"showVisualEffectGraphs":true,"m_FxEnabled":true},"in2DMode":false,"pivot":{"x":6.064689636230469,"y":0.4650443196296692,"z":7.739175319671631},"rotation":{"x":0.061528854072093967,"y":-0.0879104807972908,"z":0.005463757086545229,"w":0.9942373633384705},"size":2.5246360301971437,"orthographic":false}